Abdala de Matarazzo,Norma Amanda,Frente Cívico por Santiago,2009-2013,4/13/1948
Acosta,María Julia,Frente para la Victoria - PJ,2007-2011,4/27/1948
Acuña,Hugo Rodolfo,Movimiento Popular Neuquino,2005-2009,4/21/1957
Acuña Kunz,Juan Erwin Bolívar,Unión Cívica Radical,2005-2009,12/2/1954
Agosto,Walter Alfredo,Peronismo Federal,2007-2011,8/15/1963
Aguad,Oscar Raúl,Unión Cívica Radical,2009-2013,5/7/1950
Aguilar,Lino Walter,,2011-2015,9/23/1964
Aguirre de Soria,Hilda Clelia,Frente para la Victoria - PJ,2007-2011,4/11/1960
Albarracín,Jorge Luis,De la Concertación,2005-2009,4/6/1961
Albarracín,Jorge Luis,,2009-2013,4/6/1961
Albrieu,Oscar Edmundo Nicolás,Frente para la Victoria - PJ,2009-2013,1/18/1949
Alcuaz,Horacio Alberto,Generación para un Encuentro Nacional,2007-2011,8/21/1949
Alfaro,Germán Enrique,Frente para la Victoria - PJ,2007-2011,9/21/1965
Alfonsín,Ricardo Luis,Unión Cívica Radical,2009-2013,11/5/1951
Alizegui,Antonio Aníbal,Frente para la Victoria - PJ,2007-2011,11/24/1947
Alonso,Gumersindo Federico,Frente Cívico - Córdoba,2009-2013,4/7/1949
Alonso,Laura,Propuesta Republicana,2009-2013,12/23/1972
Alonso,María Luz,,2011-2015,8/7/1985
Álvarez,Juan José,Peronista,2007-2011,5/25/1955
Álvarez,Elsa María,Unión Cívica Radical,2009-2013,5/5/1957
Álvarez Rodríguez,María Cristina,,2011-2015,
Álvarez Stub,Jorge Mario,Unión Cívica Radical,2009-2013,8/15/1958
Álvaro,Héctor Jorge,De la Concertación,2007-2011,7/2/1948
Amadeo,Eduardo Pablo,Peronismo Federal,2009-2013,5/1/1947
Amenta,Marcelo Eduardo,Recrear,2005-2009,11/29/1965
Aragón,Santiago Diego,,2011-2015,
Arbo,José Ameghino,Partido Liberal de Corrientes,2007-2011,11/10/1950
Ardid,Mario Rolando,Nuevo contra Corrupción p/ Honestidad,2005-2009,10/26/1942
Arena,Celia Isabel,Peronismo Federal,2009-2013,12/17/1964
Areta,María Josefa,Frente de Todos,2007-2011,2/14/1950
Argüello,Octavio,Frente para la Victoria - PJ,2007-2011,1/21/1962
Argumedo,Alcira Susana,Movimiento Proyecto Sur,2009-2013,5/7/1940
Arregui,Andrés Roberto,,2011-2015,6/14/1962
Arriaga,Julio Esteban,Frente para la Victoria - PJ,2005-2009,8/23/1949
Asef,Daniel Edgardo,Peronista Córdoba Ciudadana,2007-2011,
Aspiazu,Lucio Bernardo,Unión Cívica Radical,2009-2013,3/22/1959
Asseff,Alberto Emilio,,2011-2015,10/31/1942
Atanasof,Alfredo Néstor,Peronismo Federal,2009-2013,11/24/1949
Augsburger,Silvia,Partido Socialista,2005-2009,5/31/1962
Avoscán,Herman Horacio,,2011-2015,6/3/1962
Azcoiti,Pedro José,Unión Cívica Radical,2005-2009,9/16/1955
Baladrón,Manuel Justo,Frente para la Victoria - PJ,2005-2009,12/31/1945
Balcedo,María Ester,,2011-2015,10/20/1949
Baldata,Griselda Ángela,Coalición Cívica - Ari,2007-2011,1/18/1952
Balestrini,Alberto Edgardo,,2005-2009,3/9/1946
Baragiola,Vilma Rosana,Unión Cívica Radical,2005-2009,11/5/1967
Barbieri,Mario Leandro,Unión Cívica Radical,2009-2013,9/29/1959
Barchetta,Omar Segundo,,2011-2015,7/14/1951
Barchetta,Omar Segundo,,2011-2015,7/14/1951
Barrandeguy,Raúl Enrique,Frente para la Victoria - PJ,2009-2013,12/26/1944
Barrionuevo,José Luis,Frente para la Victoria - PJ,2005-2009,
Barrios,Miguel Ángel,Partido Socialista,2007-2011,7/5/1949
Basteiro,Sergio Ariel,Nuevo Encuentro,2007-2011,9/23/1960
Basterra,Luis Eugenio,,2011-2015,
Bayonzo,Liliana Amelia,Unión Cívica Radical,2005-2009,6/2/1955
Bazze,Miguel Ángel,,2011-2015,4/30/1955
Bedano de Accastello,Nora Esther,Frente para la Victoria - PJ,2007-2011,4/24/1960
Bedano de Accastello,Nora Esther,,2011-2015,4/24/1960
Belous,Nélida,Proyecto Progresista,2007-2011,10/7/1959
Benas,Verónica Claudia,Solidaridad e Igualdad por la Unidad Popular,2007-2011,2/11/1961
Benedetti,Atilio Francisco Salvador,Unión Cívica Radical,2009-2013,1/1/1955
Bernal,María Eugenia,Frente para la Victoria - PJ,2009-2013,4/18/1959
Bernazza,Claudia Alicia,Frente para la Victoria - PJ,2005-2009,6/12/1960
Berraute,Ana,Frente para la Victoria - PJ,2005-2009,9/13/1946
Bertol,Paula María,Propuesta Republicana,2005-2009,2/22/1965
Bertol,Paula María,Propuesta Republicana,2009-2013,2/22/1965
Bertone,Rosana Andrea,Frente para la Victoria - PJ,2005-2009,5/9/1972
Bertone,Rosana Andrea,Frente para la Victoria - PJ,2009-2013,5/9/1972
Beveraggi,Margarita Beatriz,Unión Cívica Radical,2005-2009,6/16/1964
Bianchi,Ivana María,Peronismo Federal,2007-2011,6/22/1965
Bianchi,María del Carmen,,2011-2015,10/8/1948
Bianchi,Ivana María,,2011-2015,6/22/1965
Bianchi Silvestre,Marcela Alejandra,Frente para la Victoria - PJ,2005-2009,2/8/1959
Bianco,Lía Fabiola,Frente para la Victoria - PJ,2005-2009,9/10/1966
Bidegain,Gloria,Frente para la Victoria - PJ,2007-2011,
Bidegain,Gloria,,2011-2015,
Biella Calvet,Bernardo José,,2011-2015,1/31/1963
Bisutti,Delia Beatriz,Afirmación para una República Igualitaria,2005-2009,3/31/1947
Blanco de Peralta,Blanca,Frente para la Victoria - PJ,2009-2013,6/4/1961
Bonasso,Miguel Luis,Diálogo por Buenos Aires,2007-2011,5/17/1940
Brawer,Mara,,2011-2015,5/12/1962
Brillo,José Ricardo,Movimiento Popular Neuquino,2005-2009,2/2/1952
Brillo,José Ricardo,Movimiento Popular Neuquino,2009-2013,2/2/1952
Brizuela y Doria de Cara,Olga Inés,,2011-2015,4/11/1971
Bromberg,Isaac Benjamín,,2011-2015,1/8/1953
Brue,Daniel Agustín,Frente Cívico por Santiago,2005-2009,12/28/1964
Brue,Daniel Agustín,Frente Cívico por Santiago,2009-2013,12/28/1964
Bullrich,Patricia,Alianza Coalición Cívica,2007-2011,6/11/1956
Bullrich,Esteban José,Propuesta Republicana,2005-2009,5/26/1969
Bullrich,Esteban José,Propuesta Republicana,2009-2013,5/26/1969
Bullrich,Patricia,,2011-2015,6/11/1956
Buryaile,Ricardo,Unión Cívica Radical,2009-2013,11/29/1962
Burzaco,Eugenio,Propuesta Republicana,2005-2009,1/22/1971
Calcagno y Maillman,Eric,,2011-2015,4/9/1967
Calchaquí,Mariel,Frente para la Victoria - PJ,2007-2011,2/29/1968
Calza,Nelio Higinio,Frente para la Victoria - PJ,2005-2009,9/6/1963
Camaño,Graciela,Peronista,2007-2011,4/25/1953
Camaño,Dante Alberto,Nacional Sindical,2005-2009,2/9/1952
Camaño,Graciela,,2011-2015,4/25/1953
Canela,Susana Mercedes,Frente para la Victoria - PJ,2005-2009,9/24/1949
Cantero Gutiérrez,Alberto,Frente para la Victoria - PJ,2005-2009,1/18/1944
Carca,Elisa Beatriz,Coalición Cívica - Ari,2007-2011,3/15/1953
Cardelli,Jorge Justo,Movimiento Proyecto Sur,2009-2013,11/2/1947
Carlotto,Remo Gerardo,Frente para la Victoria - PJ,2005-2009,12/21/1962
Carlotto,Remo Gerardo,Frente para la Victoria - PJ,2009-2013,12/21/1962
Carmona,María Araceli,Frente para la Victoria - PJ,2005-2009,1/26/1955
Carmona,Guillermo Ramón,,2011-2015,6/26/1967
Carranza,Carlos Alberto,Peronismo Federal,2009-2013,8/24/1954
Carrió,Elisa María Avelina,Acuerdo Cívico y Social,2009-2013,12/26/1957
Casañas,Juan Francisco,Unión Cívica Radical,2009-2013,4/30/1964
Caselles,Graciela María,Frente para la Victoria - PJ,2007-2011,11/5/1966
Caselles,Graciela María,,2011-2015,11/5/1966
Castaldo,Norah Susana,Unión Cívica Radical,2007-2011,4/24/1942
Castañón,Hugo,Unión Cívica Radical,2009-2013,2/2/1959
Catalán Magni,Julio César,,2011-2015,8/14/1968
Cejas,Jorge Alberto,Frente para la Victoria - PJ,2007-2011,8/31/1952
Cejas,Jorge Alberto,,2011-2015,8/31/1952
César,Nora Noemí,Frente para la Victoria - PJ,2005-2009,
Chemes,Jorge Omar,Unión Cívica Radical,2009-2013,4/9/1956
Chieno,María Elena Petrona,Frente para la Victoria - PJ,2009-2013,8/14/1954
Chiquichano,Rosa Laudelina,Frente para la Victoria - PJ,2007-2011,8/30/1947
Ciampini,José Alberto,,2011-2015,11/7/1953
Ciciliani,Alicia Mabel,Partido Socialista,2009-2013,2/9/1956
Cigogna,Luis Francisco Jorge,Frente para la Victoria - PJ,2009-2013,2/1/1945
Cigogna,Luis Francisco Jorge,Frente para la Victoria - PJ,2005-2009,2/1/1945
Cleri,Marcos,,2011-2015,1/12/1982
Collantes,Genaro Aurelio,Frente Progresista Cívico y Social,2005-2009,1/1/1946
Comelli,Alicia Marcela,Movimiento Popular Neuquino,2007-2011,1/21/1966
Comelli,Alicia Marcela,,2011-2015,1/21/1966
Comi,Carlos Marcelo,Coalición Cívica - Ari,2009-2013,5/6/1965
Conti,Diana Beatriz,Frente para la Victoria - PJ,2009-2013,3/29/1956
Conti,Diana Beatriz,Frente para la Victoria - PJ,2005-2009,3/29/1956
Córdoba,José Manuel,Frente para la Victoria - PJ,2005-2009,6/3/1956
Córdoba,José Manuel,Frente para la Victoria - PJ,2005-2009,6/3/1956
Córdoba,Stella Maris,Frente para la Victoria - PJ,2009-2013,1/5/1964
Córdoba,Stella Maris,,2005-2009,1/5/1964
Cortina,Roy,Partido Socialista,2007-2011,3/14/1964
Cortina,Roy,,2011-2015,3/14/1964
Coscia,Jorge Edmundo,Frente para la Victoria - PJ,2005-2009,8/26/1952
Costa,Eduardo Raúl,Unión Cívica Radical,2009-2013,8/27/1961
Cremer de Busti,María Cristina,Peronismo Federal,2009-2013,5/13/1949
Cuccovillo,Ricardo Oscar,Partido Socialista,2007-2011,1/26/1951
Cuccovillo,Ricardo Oscar,,2011-2015,1/26/1951
Cuevas,Hugo Oscar,De la Concertación,2005-2009,8/25/1943
Currilen,Oscar Rubén,Peronista,2009-2013,6/14/1956
Cusinato,Gustavo,Unión Cívica Radical,2007-2011,5/21/1956
Daher,Zulema Beatriz,Peronismo Federal,2007-2011,9/12/1951
Dalla Fontana,Ariel Raúl Armando,Frente para la Victoria - PJ,2005-2009,7/27/1954
Damilano Grivarello,Viviana Mónica,Frente para la Victoria - PJ,2007-2011,12/28/1960
Dato,Alfredo Carlos,Frente para la Victoria - PJ,2007-2011,3/23/1949
Dato,Alfredo Carlos,,2011-2015,3/23/1949
De Ferrari Rueda,Patricia,Unión Cívica Radical,2011-2015,5/9/1958
De Gennaro,Víctor Norberto,,2011-2015,9/29/1948
De la Rosa,María Graciela,Frente para la Victoria - PJ,2007-2011,7/22/1955
Del Campillo,Héctor Eduardo,Unión Cívica Radical,2007-2011,9/10/1962
Delich,Francisco José,Nuevo contra Corrupción p/ Honestidad,2005-2009,1/6/1937
De Marchi,Omar Bruno,Demócrata de Mendoza,2009-2013,5/28/1966
De Marchi,Omar Bruno,Demócrata de Mendoza,2005-2009,5/28/1966
De Narváez Steuer,Francisco,Peronismo Federal,2009-2013,9/22/1953
De Narváez Steuer,Francisco,Unión Celeste y Blanca,2005-2009,9/22/1953
De Pedro,Eduardo Enrique,,2011-2015,11/11/1976
Depetri,Edgardo Fernando,Frente para la Victoria - PJ,2005-2009,4/27/1961
De Prat Gay,Alfonso,Coalición Cívica - Ari,2009-2013,11/24/1965
Díaz,Susana Eladia,Frente para la Victoria - PJ,2007-2011,2/2/1953
Díaz Bancalari,José María,Frente para la Victoria - PJ,2007-2011,9/5/1944
Díaz Bancalari,José María,,2011-2015,9/5/1944
Díaz Roig,Juan Carlos,Frente para la Victoria - PJ,2005-2009,11/20/1947
Díaz Roig,Juan Carlos,Frente para la Victoria - PJ,2009-2013,11/20/1947
Diez,María Inés,Renovador de Salta,2005-2009,8/8/1954
Di Tullio,Juliana,Frente para la Victoria - PJ,2009-2013,10/22/1971
Di Tullio,Juliana,Frente para la Victoria - PJ,2005-2009,10/22/1971
Domínguez,Julián Andrés,,2011-2015,11/24/1963
Donda Pérez,Victoria Analía,Libres Del Sur,2007-2011,9/17/1979
Donda Pérez,Victoria Analía,,2011-2015,9/17/1979
Donkin,Carlos Guillermo,Frente para la Victoria - PJ,2007-2011,5/13/1951
Donkin,Carlos Guillermo,,2011-2015,5/13/1951
Dovena,Miguel Dante,Frente para la Victoria - PJ,2005-2009,5/4/1951
Duclós,Omar Arnaldo,,2011-2015,4/18/1966
Dutto,Gustavo Alberto,,2009-2013,
Dutto,Gustavo Alberto,,2007-2011,
Eliceche,Carlos Tomás,,2011-2015,1/2/1961
Elorriaga,Osvaldo Enrique,,2011-2015,8/10/1959
Erro,Norberto Pedro,Unión Cívica Radical,2007-2011,9/12/1952
Espíndola,Gladys Susana,Unión Cívica Radical,2009-2013,7/14/1960
Fabris,Luciano Rafael,Unión Cívica Radical,2005-2009,3/20/1955
Fadel Merino,Patricia Susana,Frente para la Victoria - PJ,2007-2011,12/28/1957
Fadul Mora,Liliana,Partido Federal Fueguino,2009-2013,5/2/1955
Faustinelli,Hipólito,Unión Cívica Radical,2009-2013,9/7/1959
Favario,Carlos Alberto,Demócrata Progresista,2009-2013,9/7/1938
Fein,Mónica Hayde,Partido Socialista,2007-2011,6/3/1957
Feletti,Roberto José,,2011-2015,10/22/1958
Félix,Omar Chafí,Frente para la Victoria - PJ,2009-2013,6/30/1960
Fellner,Eduardo Alfredo,Frente para la Victoria - PJ,2007-2011,6/12/1954
Fernández,Marcelo Omar,Frente para la Victoria - PJ,2005-2009,11/22/1960
Fernández,Rodolfo Alfredo,Unión Cívica Radical,2009-2013,8/26/1954
Fernández Basualdo,Luis María,Frente para la Victoria - PJ,2007-2011,3/29/1948
Fernández Sagasti,Anabel,,2011-2015,4/3/1984
Fernández Sagasti,Anabel,,2011-2015,4/3/1984
Ferrá de Bartol,Margarita,Frente para la Victoria - PJ,2005-2009,7/12/1935
Ferrá de Bartol,Margarita,Frente para la Victoria - PJ,2009-2013,7/12/1935
Ferrari,Gustavo Alfredo Horacio,Peronismo Federal,2009-2013,3/24/1957
Ferreyra,Araceli,,2011-2015,10/7/1966
Ferro,Francisco José,Coalición Cívica - Ari,2005-2009,7/26/1953
Fiad,Mario Raymundo,Unión Cívica Radical,2009-2013,1/12/1957
Fiol,Paulina Esther,Frente para la Victoria - PJ,2007-2011,11/23/1943
Fiore Viñuales,María Cristina,,2011-2015,2/16/1974
Flores,Héctor Antonio,Coalición Cívica - Ari,2007-2011,12/8/1953
Forconi,Juan Carlos,Peronismo Federal,2009-2013,9/27/1951
Forte,Ulises Umberto,Unión Cívica Radical,2009-2013,11/30/1962
Fortuna,Francisco José,Córdoba Federal,2009-2013,9/24/1952
Francioni,Fabián Marcelo,,2011-2015,11/22/1966
Galantini,Eduardo Leonel,Frente para la Victoria - PJ,2005-2009,3/17/1958
Gallardo,Miriam Graciela,Frente para la Victoria - PJ,2009-2013,10/13/1963
Galvalisi,Luis Alberto,Propuesta Republicana,2005-2009,4/9/1961
Gambaro,Natalia,Peronismo Federal,2009-2013,9/1/1977
García,Susana Rosa,Coalición Cívica - Ari,2007-2011,8/4/1945
García,María Teresa,Frente para la Victoria - PJ,2005-2009,2/9/1956
García,María Teresa,Frente para la Victoria - PJ,2009-2013,2/9/1956
García,Irma Adriana,Peronismo Federal,2007-2011,6/16/1964
García de Moreno,Eva,Frente para la Victoria - PJ,2005-2009,12/2/1945
García Larraburu,Silvina Marcela,,2011-2015,1/16/1969
García Méndez,Emilio Arturo,Afirmación para una República Igualitaria,2005-2009,8/22/1950
Gardella,Patricia Susana,Corriente de Pensamiento Federal,2007-2011,4/6/1964
Garnero,Estela Ramona,Córdoba Federal,2009-2013,10/11/1958
Garramuño,Jorge Alberto,,2011-2015,9/14/1953
Garrido,Manuel,Unión Cívica Radical,2011-2015,9/15/1964
Gdansky,Carlos Enrique,,2011-2015,9/5/1946
Genem,Amanda Susana,Frente para la Victoria - PJ,2005-2009,2/28/1965
Gerez,Elda Ramona,Partido Socialista,2005-2009,4/28/1942
Germano,Daniel,Peronismo Federal,2009-2013,2/23/1951
Giaccone,Claudia Alejandra,,2011-2015,8/26/1965
Giacomino,Daniel Oscar,,2011-2015,6/28/1964
Giannettasio,Graciela María,Frente para la Victoria - PJ,2007-2011,10/20/1950
Giannettasio,Graciela María,,2011-2015,10/20/1950
Gil Lavedra,Ricardo Rodolfo,Unión Cívica Radical,2009-2013,7/24/1949
Gil Lozano,Claudia Fernanda,Coalición Cívica - Ari,2007-2011,5/25/1958
Ginzburg,Nora Raquel,Fte. por los Derechos Ciudadanos,2005-2009,4/6/1949
Gioja,Juan Carlos,Frente para la Victoria - PJ,2007-2011,4/1/1957
Giubergia,Miguel Ángel,Unión Cívica Radical,2007-2011,4/17/1953
Giubergia,Miguel Ángel,,2011-2015,4/17/1953
Giudici,Silvana Myriam,Unión Cívica Radical,2007-2011,4/19/1965
Godoy,Ruperto Eduardo,Frente para la Victoria - PJ,2007-2011,3/13/1953
González,María América,Afirmación para una República Igualitaria,2005-2009,6/7/1948
González,Nancy Susana,Frente para la Victoria - PJ,2009-2013,2/10/1961
González,Juan Dante,Frente para la Victoria - PJ,2007-2011,1/27/1963
González,Nancy Susana,Frente para la Victoria - PJ,2005-2009,2/10/1961
González,Gladys Esther,Propuesta Republicana,2009-2013,5/30/1973
González,Juan Dante,,2011-2015,1/27/1963
Gorbacz,Leonardo Ariel,Afirmación para una República Igualitaria,2005-2009,10/18/1966
Granados,Dulce,Frente para la Victoria - PJ,2009-2013,9/14/1958
Gribaudo,Christian Alejandro,Propuesta Republicana,2007-2011,4/4/1973
Grosso,Leonardo,,2011-2015,4/1/1983
Guccione,José Daniel,,2011-2015,2/11/1952
Gullo,Juan Carlos Dante,Frente para la Victoria - PJ,2007-2011,6/8/1947
Gutiérrez,Graciela Beatriz,Frente para la Victoria - PJ,2005-2009,7/14/1961
Gutiérrez,Mónica Edith,,2011-2015,
Gutiérrez,Mónica Edith,,2011-2015,
Guzmán,Olga Elizabeth,Movimiento Popular Neuquino,2009-2013,3/17/1963
Halak,Beatriz Susana,Frente para la Victoria - PJ,2005-2009,5/15/1950
Harispe,Gastón,,2011-2015,12/29/1968
Heller,Carlos Salomón,Nuevo Encuentro,2009-2013,10/17/1940
Heredia,Arturo Miguel,Frente para la Victoria - PJ,2005-2009,9/21/1944
Herrera,José Alberto,Frente Cívico por Santiago,2007-2011,5/10/1962
Herrera,Griselda Noemí,Frente para la Victoria - PJ,2005-2009,
Herrera,Alberto,Frente para la Victoria - PJ,2005-2009,3/27/1927
Herrera,Griselda Noemí,,2011-2015,
Herrera,José Alberto,,2011-2015,5/10/1962
Hotton,Cynthia Liliana,Valores para mi País,2007-2011,1/17/1969
Ianni,Ana María,,2011-2015,9/21/1969
Ianni,Ana María,,2011-2015,9/21/1969
Ibarra,Vilma Lidia,Nuevo Encuentro,2007-2011,5/21/1960
Ibarra,Eduardo Mauricio,Peronismo Federal,2009-2013,6/14/1970
Iglesias,Fernando Adolfo,Coalición Cívica - Ari,2007-2011,5/14/1957
Illarregui,Luis Alfredo,Frente para la Victoria - PJ,2005-2009,
Irrazábal,Juan Manuel,Frente para la Victoria - PJ,2007-2011,3/30/1960
Iturraspe,Nora Graciela,Solidaridad e Igualdad por la Unidad Popular,2009-2013,3/20/1951
Iturrieta,Miguel Ángel,Frente para la Victoria - PJ,2005-2009,5/1/1956
Junio,Juan Carlos,,2011-2015,4/26/1947
Juri,Mariana,Unión Cívica Radical,2009-2013,3/24/1969
Kakubur,Emilio,Dignidad Peronista,2005-2009,3/16/1957
Katz Jora,Daniel,Unión Cívica Radical,2007-2011,7/4/1960
Kenny,Eduardo Enrique Federico,Unión Cívica Radical,2007-2011,6/28/1951
Kirchner,Néstor Carlos,Frente para la Victoria - PJ,2009-2013,2/25/1950
Korenfeld,Beatriz Liliana,Frente para la Victoria - PJ,2007-2011,8/16/1953
Kosiner,Pablo Francisco Juan,,2011-2015,10/21/1964
Kroneberger,Daniel Ricardo,Unión Cívica Radical,2005-2009,6/12/1961
Kroneberger,Daniel Ricardo,,2011-2015,6/12/1961
Kunkel,Carlos Miguel,Frente para la Victoria - PJ,2005-2009,11/6/1945
Kunkel,Carlos Miguel,Frente para la Victoria - PJ,2009-2013,11/6/1945
Lanceta,Rubén Orfel,Unión Cívica Radical,2007-2011,7/23/1957
Landau,Jorge Alberto,Frente para la Victoria - PJ,2007-2011,3/23/1947
Landau,Jorge Alberto,,2011-2015,3/23/1947
Larroque,Andrés,,2011-2015,1/26/1977
Larroque,Andrés,,2011-2015,1/26/1977
Ledesma,Julio Rubén,Corriente de Pensamiento Federal,2009-2013,7/9/1956
Ledesma,Julio Rubén,Unión Celeste y Blanca,2005-2009,7/9/1956
Leguizamón,María Laura,Frente para la Victoria - PJ,2007-2011,1/21/1965
Lemos,Silvia Beatriz,Unión Cívica Radical,2005-2009,2/6/1953
Lenz,María Beatriz,Frente para la Victoria - PJ,2005-2009,4/20/1968
Leverberg,Stella Maris,Frente para la Victoria - PJ,2007-2011,9/12/1962
Leverberg,Stella Maris,,2011-2015,9/12/1962
Linares,María Virginia,Generación para un Encuentro Nacional,2007-2011,3/23/1962
Linares,María Virginia,,2011-2015,3/23/1962
Llanos,Edith Olga,Frente para la Victoria - PJ,2005-2009,5/20/1960
Llanos,Ermindo Edgardo Marcelo,Frente para la Victoria - PJ,2009-2013,6/30/1968
Llera,Timoteo,Frente para la Victoria - PJ,2007-2011,8/17/1956
López,Ernesto Segundo,Frente para la Victoria - PJ,2005-2009,7/28/1949
López,Rafael Ángel,Frente para la Victoria - PJ,2007-2011,10/29/1949
López Arias,Marcelo Eduardo,Peronista,2007-2011,3/5/1947
Lorenzo Borocotó,Eduardo,Movimiento Independiente,2005-2009,
Lorges,Juan Carlos,Frente para la Victoria - PJ,2007-2011,11/4/1943
Lotto de Vecchietti,Inés Beatriz,,2011-2015,1/1/1953
Lozano,Claudio Raúl,Movimiento Proyecto Sur,2007-2011,10/18/1956
Lozano,Claudio Raúl,,2011-2015,10/18/1956
Luna de Marcos,Ana Zulema,Frente Cívico por Santiago,2007-2011,4/15/1945
Lusquiños,Luis Bernardo,Frente Just. Unión y Libertad,2005-2009,11/27/1951
Macaluse,Eduardo Gabriel,Solidaridad e Igualdad por la Unidad Popular,2007-2011,3/17/1959
Majdalani,Silvia Cristina,Propuesta Republicana,2009-2013,11/2/1958
Maldonado,Víctor Hugo,Unión Cívica Radical,2011-2015,8/15/1963
Mansur,Ricardo Alfredo,Unión Cívica Radical,2009-2013,10/30/1951
Marconato,Gustavo Ángel,Frente para la Victoria - PJ,2007-2011,1/10/1964
Marino,Adriana del Carmen,Frente Producción y Trabajo,2005-2009,10/29/1952
Martiarena,Mario Humberto,Peronismo Jujeño,2007-2011,12/11/1941
Martín,María Elena,Partido Socialista,2005-2009,2/27/1954
Martínez,Soledad,Propuesta Republicana,2009-2013,9/14/1982
Martínez,Julio César,Unión Cívica Radical,2009-2013,3/23/1962
Martínez,Oscar Ariel,,2011-2015,12/6/1968
Martínez Carignano,Ernesto Félix,Frente Cívico - Córdoba,2009-2013,6/21/1956
Martínez Garbino,Emilio Raúl,Concertación Entrerriana,2005-2009,7/26/1948
Martínez Oddone,Heriberto Agustín,Unión Cívica Radical,2007-2011,6/25/1957
Massei,Oscar Ermelindo,Frente para la Victoria - PJ,2005-2009,9/27/1945
Mazzarella,Susana del Valle,Frente Cívico - Córdoba,2009-2013,5/20/1952
Mendoza,Sandra Marcela,Frente para la Victoria - PJ,2009-2013,4/20/1963
Mendoza,Mayra Soledad,,2011-2015,11/26/1983
Mera,Dalmacio Enrique,Frente para la Victoria - PJ,2009-2013,
Merchán,Paula Cecilia,Libres Del Sur,2007-2011,2/24/1970
Merlo,Mario Raúl,Peronismo Federal,2007-2011,8/13/1949
Metaza,Mario Alfredo,,2011-2015,11/4/1958
Michetti,Marta Gabriela,Propuesta Republicana,2009-2013,5/28/1965
Milman,Gerardo Fabián,Generación para un Encuentro Nacional,2009-2013,9/21/1966
Mirkin,Beatriz Graciela,,2011-2015,8/9/1955
Moisés,María Carolina,Frente para la Victoria - PJ,2005-2009,3/5/1975
Molas,Pedro Omar,Unión Cívica Radical,2009-2013,12/6/1958
Molina,Manuel Isauro,,2011-2015,
Mongelo,José Ricardo,,2011-2015,1/25/1969
Montoya,Jorge Luciano,Peronista,2007-2011,12/29/1949
Morales,Gerardo Rubén,,2011-2015,7/18/1959
Morán,Juan Carlos,Coalición Cívica - Ari,2007-2011,9/9/1970
Morandini,Norma Elena,Memoria y Democracia,2005-2009,3/31/1948
Morante,Antonio Arnaldo María,Frente para la Victoria - PJ,2007-2011,10/22/1962
Morejón,Manuel Amor,Peronista,2007-2011,9/25/1947
Moreno,Carlos Julio,Frente para la Victoria - PJ,2005-2009,9/3/1947
Moreno,Carlos Julio,Frente para la Victoria - PJ,2009-2013,9/3/1947
Morgado,Claudio Marcelo,Frente para la Victoria - PJ,2005-2009,8/13/1959
Morini,Pedro Juan,Unión Cívica Radical,2005-2009,6/28/1956
Mouillerón,Roberto Mario,Peronismo Federal,2009-2013,3/9/1944
Moyano,Juan Facundo,,2011-2015,12/25/1984
Müller,Mabel Hilda,Frente para la Victoria - PJ,2005-2009,2/25/1945
Müller,Mabel Hilda,,2011-2015,2/25/1945
Müller,Edgar Raúl,,2011-2015,1/26/1947
Naím,Lidia Lucía,Afirmación para una República Igualitaria,2005-2009,2/19/1944
Navarro,Graciela,,2011-2015,
Navarro,Graciela,,2011-2015,
Nebreda,Carmen Rosa,Frente para la Victoria - PJ,2009-2013,
Nieva,Alejandro Mario,Unión Cívica Radical,2005-2009,4/5/1958
Obeid,Jorge Alberto,Peronismo Federal,2007-2011,11/24/1947
Obiglio,Julián Martín,Propuesta Republicana,2005-2009,5/21/1976
Obiglio,Julián Martín,,2009-2013,5/21/1976
Ocaña,María Graciela,,2011-2015,9/16/1960
Oliva,Cristian Rodolfo,Frente Cívico por Santiago,2005-2009,4/25/1968
Oliva,Cristian Rodolfo,Frente Cívico por Santiago,2009-2013,4/25/1968
Olmedo,Alfredo Horacio,Salta Somos Todos,2009-2013,12/5/1965
Oporto,Mario Néstor,,2011-2015,9/28/1952
Orsolini,Pablo Eduardo,Unión Cívica Radical,2009-2013,2/23/1955
Ortiz,Mariela del Valle,,2011-2015,
Ortiz Correa,Marcia Sara María,,2011-2015,
Osorio,Marta Lucía,Frente para la Victoria - PJ,2005-2009,10/1/1940
Pais,Juan Mario,Frente para la Victoria - PJ,2007-2011,11/7/1955
Pais,Juan Mario,,2011-2015,11/7/1955
Pansa,Sergio Horacio,Peronismo Federal,2009-2013,3/10/1966
Parada,Liliana Beatriz,Movimiento Proyecto Sur,2009-2013,1/11/1956
Paredes Urquiza,Alberto Nicolás,Frente para la Victoria - PJ,2007-2011,4/22/1966
Paroli,Raúl Omar,Frente Cívico y Social de Catamarca,2007-2011,1/20/1958
Pasini,Ariel Osvaldo Eloy,Frente para la Victoria - PJ,2007-2011,2/14/1972
Pastoriza,Mirta Ameliana,Frente Cívico por Santiago,2007-2011,5/7/1937
Pastoriza,Eduardo Antonio,Por la Verdad,2005-2009,11/9/1947
Pastoriza,Mirta Ameliana,,2011-2015,5/7/1937
Peralta,Fabián Francisco,Generación para un Encuentro Nacional,2007-2011,5/30/1966
Peralta,Fabián Francisco,,2011-2015,5/30/1966
Pereyra,Guillermo Antonio,Frente para la Victoria - PJ,2007-2011,4/2/1953
Pérez,José Adrián,Coalición Cívica - Ari,2007-2011,9/7/1971
Pérez,Jorge Raúl,Frente Cívico por Santiago,2007-2011,6/4/1944
Pérez,Alberto José,Peronismo Federal,2009-2013,2/15/1947
Perié,Julia Argentina,Frente para la Victoria - PJ,2011-2015,3/3/1956
Perié,Julia Argentina,Frente para la Victoria - PJ,2007-2011,3/3/1956
Perié,Hugo Rubén,Frente para la Victoria - PJ,2007-2011,1/18/1944
Perotti,Omar Ángel,,2011-2015,9/16/1959
Perroni,Ana María,,2011-2015,
Perroni,Ana María,,2007-2011,
Petit,María de los Ángeles,Frente para la Victoria - PJ,2005-2009,9/30/1963
Piemonte,Héctor Horacio,Coalición Cívica - Ari,2009-2013,12/8/1962
Pietragalla Corti,Horacio,,2011-2015,3/11/1976
Pilatti Vergara,María Inés,Frente para la Victoria - PJ,2009-2013,8/2/1958
Pinedo,Federico,Propuesta Republicana,2007-2011,12/29/1955
Pinedo,Federico,,2011-2015,12/29/1955
Pinto,Sergio Damián,Unión Cívica Radical,2007-2011,12/28/1962
Plaini,Omar,Frente para la Victoria - PJ,2009-2013,5/19/1953
Poggi,Claudio Javier,Frente Just. Unión y Libertad,2005-2009,10/7/1963
Portela,Agustín Alberto,Unión Cívica Radical,2007-2011,6/15/1959
Portela,Agustín Alberto,,2011-2015,6/15/1959
Porto,Héctor Norberto,Frente para la Victoria - PJ,2005-2009,1/31/1947
Pradines,Roberto Arturo,,2011-2015,11/25/1954
Prieto,Hugo Nelson,De la Concertación,2007-2011,6/26/1958
Pucheta,Ramona,,2011-2015,11/10/1964
Puerta,Federico Ramón,Peronismo Federal,2009-2013,9/9/1951
Puiggrós,Adriana Victoria,Frente para la Victoria - PJ,2007-2011,9/12/1941
Puiggrós,Adriana Victoria,,2011-2015,9/12/1941
Quintero,Marta Beatriz,Frente para la Victoria - PJ,2007-2011,2/21/1948
Quiroga,Horacio Rodolfo,Unión Cívica Radical,2009-2013,9/17/1954
Quiroz,Elsa Siria,Coalición Cívica - Ari,2007-2011,8/26/1950
Raimundi,Carlos Alberto,Afirmación para una República Igualitaria,2005-2009,6/25/1957
Raimundi,Carlos Alberto,,2011-2015,6/25/1957
Rasino,Élida Elena,,2011-2015,10/7/1956
Ré,Hilma Leonor,Coalición Cívica - Ari,2009-2013,6/24/1956
Recalde,Héctor Pedro,Frente para la Victoria - PJ,2009-2013,5/28/1938
Recalde,Héctor Pedro,Frente para la Victoria - PJ,2005-2009,5/28/1938
Redczuk,Oscar Felipe,,2011-2015,11/12/1952
Regazzoli,María Cristina,Partido Justicialista La Pampa,2009-2013,10/1/1948
Reyes,María Fernanda,Coalición Cívica - Ari,2007-2011,6/22/1978
Rico,María del Carmen Cecilia,Frente para la Victoria - PJ,2005-2009,11/22/1971
Riestra,Antonio Sabino,,2011-2015,11/13/1947
Rioboó,Sandra Adriana,Unión Cívica Radical,2007-2011,8/10/1961
Ríos,Roberto Fabián,,2011-2015,2/8/1964
Ríos,Liliana María,,2011-2015,3/22/1953
Risko,Silvia Lucrecia,Frente para la Victoria - PJ,2009-2013,4/6/1966
Rivara,Raúl Alberto,Peronismo Federal,2009-2013,7/28/1948
Rivarola,Rubén Armando,,2011-2015,
Rivas,Jorge,Nuevo Encuentro,2007-2011,10/18/1961
Rivas,Jorge,,2011-2015,10/18/1961
Roberti,Alberto Oscar,,2011-2015,10/20/1955
Robledo,Roberto Ricardo,Partido Justicialista La Pampa,2009-2013,3/22/1953
Rodríguez,Marcela Virginia,Coalición Cívica - Ari,2005-2009,2/23/1965
Rodríguez,Marcela Virginia,Coalición Cívica - Ari,2009-2013,2/23/1965
Rodríguez,Evaristo Arturo,Frente para la Victoria - PJ,2007-2011,7/4/1953
Rogel,Fabián Duilio,,2011-2015,2/7/1963
Rojkés de Alperovich,Beatriz Liliana,Frente para la Victoria - PJ,2005-2009,2/4/1956
Roldán,José María,Frente de Todos,2005-2009,8/13/1963
Román,Carmen,Frente para la Victoria - PJ,2005-2009,9/9/1951
Rossi,Agustín Oscar,Frente para la Victoria - PJ,2005-2009,10/18/1959
Rossi,Alejandro Luis,Frente para la Victoria - PJ,2007-2011,2/17/1962
Rossi,Agustín Oscar,Frente para la Victoria - PJ,2009-2013,10/18/1959
Rossi,Cipriana Lorena,Peronismo Federal,2007-2011,2/20/1975
Rucci,Claudia Mónica,Peronismo Federal,2009-2013,12/19/1963
Ruiz,Aida Delia,,2011-2015,6/5/1957
Ruíz,Ramón,Frente para la Victoria - PJ,2007-2011,2/26/1940
Sabbatella,Martín,Nuevo Encuentro,2009-2013,4/14/1970
Sacca,Luis Fernando,,2011-2015,10/21/1972
Salim,Juan Arturo,Frente para la Victoria - PJ,2005-2009,11/22/1947
Salim,Juan Arturo,Frente para la Victoria - PJ,2009-2013,11/22/1947
Salum,Osvaldo Rubén,Frente para la Victoria - PJ,2005-2009,11/30/1947
Sánchez,Fernando,Coalición Cívica - Ari,2005-2009,10/7/1973
Santander,Mario Armando,Frente para la Victoria - PJ,2005-2009,5/3/1946
Santillán,Walter Marcelo,,2011-2015,8/10/1972
Santín,Eduardo,,2011-2015,2/4/1954
Sarghini,Jorge Emilio,Justicialista Nacional,2005-2009,6/11/1953
Satragno,Lidia Elsa,Propuesta Republicana,2007-2011,11/11/1935
Scalesi,Juan Carlos,Consenso Federal,2007-2011,12/24/1951
Schmidt Liermann,Cornelia,,2011-2015,11/6/1963
Sciutto,Rubén Darío,Frente para la Victoria - PJ,2007-2011,3/15/1962
Sciutto,Rubén Darío,,2011-2015,3/15/1962
Segarra,Adela Rosa,Frente para la Victoria - PJ,2007-2011,11/26/1958
Segarra,Adela Rosa,,2011-2015,11/26/1958
Serebrinsky,Gustavo Eduardo,Unión Cívica Radical,2007-2011,4/23/1961
Sesma,Laura Judith,Partido Socialista,2005-2009,7/5/1956
Simoncini,Silvia Rosa,,2011-2015,5/27/1962
Sluga,Juan Carlos,Frente para la Victoria - PJ,2007-2011,1/23/1946
Snopek,Carlos Daniel,Frente para la Victoria - PJ,2005-2009,12/21/1942
Solá,Felipe Carlos,Peronismo Federal,2009-2013,7/23/1950
Solanas,Raúl Patricio,Frente para la Victoria - PJ,2005-2009,7/9/1963
Solanas,Fernando Ezequiel,Movimiento Proyecto Sur,2009-2013,2/16/1936
Solanas,Julio Rodolfo,,2011-2015,1/31/1953
Soto,Gladys Beatriz,Frente para la Victoria - PJ,2005-2009,10/20/1963
Soto,Gladys Beatriz,,2011-2015,10/20/1963
Spátola,Paola Rosana,Guardia Peronista,2005-2009,11/16/1967
Stolbizer,Margarita Rosa,Generación para un Encuentro Nacional,2009-2013,3/17/1955
Storani,María Luisa,Unión Cívica Radical,2009-2013,3/9/1949
Storni,Silvia,Unión Cívica Radical,2007-2011,10/10/1951
Sylvestre Begnis,Juan Héctor,Frente para la Victoria - PJ,2005-2009,6/16/1937
Terada,Alicia,Coalición Cívica - Ari,2009-2013,8/19/1952
Thomas,Enrique Luis,Frente para la Victoria - PJ,2005-2009,11/19/1955
Thomas,Enrique Luis,Peronismo Federal,2009-2013,11/19/1955
Tineo,Javier Héctor,,2011-2015,1/27/1966
Tomas,Héctor Daniel,Frente para la Victoria - PJ,2009-2013,10/16/1957
Tomaz,Adriana Elisa,Partido U. Federalista,2005-2009,3/12/1964
Tonelli,Pablo Gabriel,,2005-2009,6/13/1954
Tonelli,Pablo Gabriel,,2011-2015,6/13/1954
Torfe,Mónica Liliana,Renovador de Salta,2007-2011,11/17/1958
Torrontegui,María Angélica,Frente Just. Unión y Libertad,2005-2009,1/5/1954
Triaca,Alberto Jorge,Propuesta Republicana,2009-2013,3/30/1974
Tunessi,Juan Pedro,Unión Cívica Radical,2009-2013,2/12/1957
Uñac,José Rubén,,2011-2015,3/19/1964
Urlich,Carlos,Unión Cívica Radical,2007-2011,8/1/1954
Vaca Narvaja,Patricia,Frente para la Victoria - PJ,2005-2009,4/6/1955
Valinotto,Jorge Anselmo,,2011-2015,8/24/1948
Vaquié,Enrique Andrés,,2011-2015,11/7/1964
Vargas Aignasse,Gerónimo,Frente para la Victoria - PJ,2007-2011,7/18/1970
Varisco,Sergio Fausto,Unión Cívica Radical,2005-2009,7/10/1960
Vázquez de Tabernise,Silvia Beatriz,Partido de la Concertación _x0013_ Forja,2007-2011,12/17/1958
Veaute,Mariana Alejandra,Unión Cívica Radical,2009-2013,8/19/1966
Vega,Juan Carlos,Coalición Cívica - Ari,2007-2011,4/26/1944
Velarde,Marta Sylvia,Frente para la Victoria - PJ,2005-2009,3/19/1961
Viale,Lisandro Alfredo,Partido Socialista,2007-2011,1/16/1966
Videla,Nora Esther,Peronismo Federal,2009-2013,10/17/1966
Vilariño,José Antonio,Frente para la Victoria - PJ,2007-2011,5/19/1961
Vilariño,José Antonio,,2011-2015,5/19/1961
Villa,José Antonio,,2011-2015,11/18/1944
Villata,Graciela Susana,,2011-2015,7/17/1957
Villaverde,Jorge Antonio,Frente para la Victoria - PJ,2005-2009,6/27/1944
Wayar,Walter Raúl,Frente Peronista Federal,2009-2013,5/4/1958
West,Mariano Federico,Frente para la Victoria - PJ,2005-2009,4/8/1949
West,Mariano Federico,Frente para la Victoria - PJ,2009-2013,4/8/1949
Yarade,Fernando Rodolfo,Frente para la Victoria - PJ,2009-2013,2/24/1968
Yazbek,Rubén David,,2009-2013,3/5/1940
Yoma,Jorge Raúl,Frente para la Victoria - PJ,2009-2013,11/10/1953
Zabalza,Juan Carlos,,2011-2015,2/28/1940
Zamarreño,María Eugenia,,2011-2015,
Zancada,Pablo Ventura,Partido Socialista,2005-2009,3/20/1950
Zavallo,Gustavo Marcelo,Peronismo Federal,2007-2011,12/26/1970
Ziebart,Cristina Isabel,,2011-2015,7/27/1952
Ziegler,Alex Roberto,Frente para la Victoria - PJ,2009-2013,12/28/1965